{
    "1": [
        0,
        0.0
    ],
    "2": [
        1,
        0.024390243902439025
    ],
    "3": [
        2,
        0.04878048780487805
    ],
    "4": [
        3,
        0.07317073170731707
    ],
    "5": [
        4,
        0.0975609756097561
    ],
    "6": [
        5,
        0.12195121951219512
    ],
    "7": [
        6,
        0.14634146341463414
    ],
    "8": [
        7,
        0.17073170731707318
    ],
    "9": [
        8,
        0.1951219512195122
    ],
    "10": [
        9,
        0.21951219512195122
    ],
    "11": [
        10,
        0.24390243902439024
    ],
    "12": [
        11,
        0.2682926829268293
    ],
    "13": [
        12,
        0.2926829268292683
    ],
    "14": [
        13,
        0.3170731707317073
    ],
    "15": [
        14,
        0.34146341463414637
    ],
    "16": [
        15,
        0.36585365853658536
    ],
    "17": [
        16,
        0.3902439024390244
    ],
    "18": [
        17,
        0.4146341463414634
    ],
    "19": [
        18,
        0.43902439024390244
    ],
    "20": [
        19,
        0.4634146341463415
    ],
    "21": [
        20,
        0.4878048780487805
    ],
    "22": [
        21,
        0.5121951219512195
    ],
    "23": [
        22,
        0.5365853658536586
    ],
    "24": [
        23,
        0.5609756097560976
    ],
    "25": [
        24,
        0.5853658536585366
    ],
    "26": [
        25,
        0.6097560975609756
    ],
    "27": [
        26,
        0.6341463414634146
    ],
    "28": [
        27,
        0.6585365853658537
    ],
    "29": [
        28,
        0.6829268292682927
    ],
    "30": [
        29,
        0.7073170731707317
    ],
    "31": [
        30,
        0.7317073170731707
    ],
    "32": [
        31,
        0.7560975609756098
    ],
    "33": [
        32,
        0.7804878048780488
    ],
    "34": [
        33,
        0.8048780487804879
    ],
    "35": [
        34,
        0.8292682926829268
    ],
    "36": [
        35,
        0.8536585365853658
    ],
    "37": [
        36,
        0.8780487804878049
    ],
    "38": [
        37,
        0.9024390243902439
    ],
    "39": [
        38,
        0.926829268292683
    ],
    "40": [
        39,
        0.9512195121951219
    ],
    "41": [
        40,
        0.975609756097561
    ]
}